Eposide,Step,Start,End,List_Actions,Epsilon,Action_Decide
1,1,[[ 0.  11.   0.1]],[[ -1.  -10.    0.1]],,1.0,Đi trái
1,2,[[ 0.  11.   0.1]],[[ -1.  -10.    0.1]],,1.0,Đi chéo phải
1,3,[[ 0.  11.   0.1]],[[ -1.  -10.    0.1]],,1.0,Đi trái
1,4,[[ 0.  11.   0.1]],[[ -1.  -10.    0.1]],,1.0,Đi chéo trái
1,5,[[ 0.  11.   0.1]],[[ -1.  -10.    0.1]],,1.0,Đi phải
1,6,[[ 0.  11.   0.1]],[[ -1.  -10.    0.1]],,1.0,Đi thẳng
1,7,[[ 0.  11.   0.1]],[[ -1.  -10.    0.1]],,1.0,Đi thẳng
1,8,[[ 0.  11.   0.1]],[[ -1.  -10.    0.1]],,1.0,Đi chéo phải
2,1,[[ 4.  11.   0.1]],[[  0.  -10.    0.1]],,0.9955,Đi chéo trái
2,2,[[ 4.  11.   0.1]],[[  0.  -10.    0.1]],,0.9955,Đi chéo phải
2,3,[[ 4.  11.   0.1]],[[  0.  -10.    0.1]],,0.9955,Đi chéo phải
2,4,[[ 4.  11.   0.1]],[[  0.  -10.    0.1]],,0.9955,Đi thẳng
3,1,[[ 1.  11.   0.1]],[[  2.  -11.    0.1]],,0.9910000000000001,Đi chéo trái
3,2,[[ 1.  11.   0.1]],[[  2.  -11.    0.1]],,0.9910000000000001,Đi chéo phải
3,3,[[ 1.  11.   0.1]],[[  2.  -11.    0.1]],,0.9910000000000001,Đi trái
3,4,[[ 1.  11.   0.1]],[[  2.  -11.    0.1]],,0.9910000000000001,Đi thẳng
3,5,[[ 1.  11.   0.1]],[[  2.  -11.    0.1]],,0.9910000000000001,Đi phải
3,6,[[ 1.  11.   0.1]],[[  2.  -11.    0.1]],,0.9910000000000001,Đi chéo trái
3,7,[[ 1.  11.   0.1]],[[  2.  -11.    0.1]],,0.9910000000000001,Đi chéo trái
3,8,[[ 1.  11.   0.1]],[[  2.  -11.    0.1]],,0.9910000000000001,Đi trái
3,9,[[ 1.  11.   0.1]],[[  2.  -11.    0.1]],,0.9910000000000001,Đi chéo trái
4,1,[[ 4.  11.   0.1]],[[ -1.  -10.    0.1]],,0.9865000000000002,Đi thẳng
4,2,[[ 4.  11.   0.1]],[[ -1.  -10.    0.1]],,0.9865000000000002,Đi chéo phải
4,3,[[ 4.  11.   0.1]],[[ -1.  -10.    0.1]],,0.9865000000000002,Đi chéo phải
4,4,[[ 4.  11.   0.1]],[[ -1.  -10.    0.1]],,0.9865000000000002,Đi trái
4,5,[[ 4.  11.   0.1]],[[ -1.  -10.    0.1]],,0.9865000000000002,Đi chéo trái
4,6,[[ 4.  11.   0.1]],[[ -1.  -10.    0.1]],,0.9865000000000002,Đi thẳng
4,7,[[ 4.  11.   0.1]],[[ -1.  -10.    0.1]],,0.9865000000000002,Đi thẳng
5,1,[[-3.  11.   0.1]],[[  1.  -11.    0.1]],,0.9820000000000002,Đi phải
5,2,[[-3.  11.   0.1]],[[  1.  -11.    0.1]],,0.9820000000000002,Đi trái
5,3,[[-3.  11.   0.1]],[[  1.  -11.    0.1]],,0.9820000000000002,Đi chéo phải
5,4,[[-3.  11.   0.1]],[[  1.  -11.    0.1]],,0.9820000000000002,Đi trái
5,5,[[-3.  11.   0.1]],[[  1.  -11.    0.1]],,0.9820000000000002,Đi chéo trái
5,6,[[-3.  11.   0.1]],[[  1.  -11.    0.1]],,0.9820000000000002,Đi phải
5,7,[[-3.  11.   0.1]],[[  1.  -11.    0.1]],,0.9820000000000002,Đi chéo phải
5,8,[[-3.  11.   0.1]],[[  1.  -11.    0.1]],,0.9820000000000002,Đi chéo trái
5,9,[[-3.  11.   0.1]],[[  1.  -11.    0.1]],,0.9820000000000002,Đi trái
5,10,[[-3.  11.   0.1]],[[  1.  -11.    0.1]],,0.9820000000000002,Đi phải
5,11,[[-3.  11.   0.1]],[[  1.  -11.    0.1]],,0.9820000000000002,Đi chéo trái
5,12,[[-3.  11.   0.1]],[[  1.  -11.    0.1]],,0.9820000000000002,Đi phải
5,13,[[-3.  11.   0.1]],[[  1.  -11.    0.1]],,0.9820000000000002,Đi chéo phải
5,14,[[-3.  11.   0.1]],[[  1.  -11.    0.1]],,0.9820000000000002,Đi thẳng
5,15,[[-3.  11.   0.1]],[[  1.  -11.    0.1]],,0.9820000000000002,Đi chéo trái
5,16,[[-3.  11.   0.1]],[[  1.  -11.    0.1]],,0.9820000000000002,Đi trái
5,17,[[-3.  11.   0.1]],[[  1.  -11.    0.1]],,0.9820000000000002,Đi chéo phải
5,18,[[-3.  11.   0.1]],[[  1.  -11.    0.1]],,0.9820000000000002,Đi thẳng
6,1,[[-4.  11.   0.1]],[[ -2.  -10.    0.1]],,0.9775000000000003,Đi chéo phải
6,2,[[-4.  11.   0.1]],[[ -2.  -10.    0.1]],,0.9775000000000003,Đi thẳng
6,3,[[-4.  11.   0.1]],[[ -2.  -10.    0.1]],,0.9775000000000003,Đi phải
6,4,[[-4.  11.   0.1]],[[ -2.  -10.    0.1]],,0.9775000000000003,Đi chéo phải
6,5,[[-4.  11.   0.1]],[[ -2.  -10.    0.1]],,0.9775000000000003,Đi chéo trái
6,6,[[-4.  11.   0.1]],[[ -2.  -10.    0.1]],,0.9775000000000003,Đi thẳng
6,7,[[-4.  11.   0.1]],[[ -2.  -10.    0.1]],,0.9775000000000003,Đi phải
6,8,[[-4.  11.   0.1]],[[ -2.  -10.    0.1]],,0.9775000000000003,Đi thẳng
7,1,[[-3.  11.   0.1]],[[ -1.  -11.    0.1]],,0.9730000000000003,Đi chéo trái
7,2,[[-3.  11.   0.1]],[[ -1.  -11.    0.1]],,0.9730000000000003,Đi chéo phải
7,3,[[-3.  11.   0.1]],[[ -1.  -11.    0.1]],,0.9730000000000003,Đi chéo phải
7,4,[[-3.  11.   0.1]],[[ -1.  -11.    0.1]],,0.9730000000000003,Đi trái
7,5,[[-3.  11.   0.1]],[[ -1.  -11.    0.1]],"[0.16, -0.02, 0.22, 0.09, 0.02]",0.9730000000000003,Đi trái
7,6,[[-3.  11.   0.1]],[[ -1.  -11.    0.1]],,0.9730000000000003,Đi trái
7,7,[[-3.  11.   0.1]],[[ -1.  -11.    0.1]],,0.9730000000000003,Đi trái
7,8,[[-3.  11.   0.1]],[[ -1.  -11.    0.1]],,0.9730000000000003,Đi chéo phải
7,9,[[-3.  11.   0.1]],[[ -1.  -11.    0.1]],,0.9730000000000003,Đi thẳng
7,10,[[-3.  11.   0.1]],[[ -1.  -11.    0.1]],,0.9730000000000003,Đi phải
7,11,[[-3.  11.   0.1]],[[ -1.  -11.    0.1]],,0.9730000000000003,Đi chéo phải
7,12,[[-3.  11.   0.1]],[[ -1.  -11.    0.1]],,0.9730000000000003,Đi thẳng
7,13,[[-3.  11.   0.1]],[[ -1.  -11.    0.1]],,0.9730000000000003,Đi thẳng
7,14,[[-3.  11.   0.1]],[[ -1.  -11.    0.1]],,0.9730000000000003,Đi phải
7,15,[[-3.  11.   0.1]],[[ -1.  -11.    0.1]],,0.9730000000000003,Đi chéo phải
8,1,[[-3.  11.   0.1]],[[ -2.  -11.    0.1]],,0.9685000000000004,Đi phải
8,2,[[-3.  11.   0.1]],[[ -2.  -11.    0.1]],,0.9685000000000004,Đi trái
8,3,[[-3.  11.   0.1]],[[ -2.  -11.    0.1]],,0.9685000000000004,Đi phải
8,4,[[-3.  11.   0.1]],[[ -2.  -11.    0.1]],,0.9685000000000004,Đi chéo phải
8,5,[[-3.  11.   0.1]],[[ -2.  -11.    0.1]],,0.9685000000000004,Đi chéo phải
8,6,[[-3.  11.   0.1]],[[ -2.  -11.    0.1]],,0.9685000000000004,Đi chéo phải
8,7,[[-3.  11.   0.1]],[[ -2.  -11.    0.1]],,0.9685000000000004,Đi phải
8,8,[[-3.  11.   0.1]],[[ -2.  -11.    0.1]],,0.9685000000000004,Đi chéo phải
8,9,[[-3.  11.   0.1]],[[ -2.  -11.    0.1]],,0.9685000000000004,Đi chéo phải
8,10,[[-3.  11.   0.1]],[[ -2.  -11.    0.1]],,0.9685000000000004,Đi trái
9,1,[[-1.  11.   0.1]],[[  1.  -11.    0.1]],,0.9640000000000004,Đi trái
9,2,[[-1.  11.   0.1]],[[  1.  -11.    0.1]],,0.9640000000000004,Đi phải
9,3,[[-1.  11.   0.1]],[[  1.  -11.    0.1]],,0.9640000000000004,Đi phải
9,4,[[-1.  11.   0.1]],[[  1.  -11.    0.1]],,0.9640000000000004,Đi trái
9,5,[[-1.  11.   0.1]],[[  1.  -11.    0.1]],,0.9640000000000004,Đi trái
9,6,[[-1.  11.   0.1]],[[  1.  -11.    0.1]],,0.9640000000000004,Đi trái
9,7,[[-1.  11.   0.1]],[[  1.  -11.    0.1]],,0.9640000000000004,Đi thẳng
9,8,[[-1.  11.   0.1]],[[  1.  -11.    0.1]],,0.9640000000000004,Đi chéo phải
9,9,[[-1.  11.   0.1]],[[  1.  -11.    0.1]],,0.9640000000000004,Đi chéo phải
9,10,[[-1.  11.   0.1]],[[  1.  -11.    0.1]],,0.9640000000000004,Đi chéo trái
9,11,[[-1.  11.   0.1]],[[  1.  -11.    0.1]],,0.9640000000000004,Đi chéo phải
10,1,[[-4.  11.   0.1]],[[  1.  -10.    0.1]],,0.9595000000000005,Đi thẳng
10,2,[[-4.  11.   0.1]],[[  1.  -10.    0.1]],"[-0.36, -0.49, -0.22, -0.11, -0.54]",0.9595000000000005,Đi chéo trái
10,3,[[-4.  11.   0.1]],[[  1.  -10.    0.1]],,0.9595000000000005,Đi chéo trái
10,4,[[-4.  11.   0.1]],[[  1.  -10.    0.1]],,0.9595000000000005,Đi trái
10,5,[[-4.  11.   0.1]],[[  1.  -10.    0.1]],,0.9595000000000005,Đi phải
10,6,[[-4.  11.   0.1]],[[  1.  -10.    0.1]],,0.9595000000000005,Đi chéo phải
10,7,[[-4.  11.   0.1]],[[  1.  -10.    0.1]],,0.9595000000000005,Đi thẳng
10,8,[[-4.  11.   0.1]],[[  1.  -10.    0.1]],,0.9595000000000005,Đi phải
10,9,[[-4.  11.   0.1]],[[  1.  -10.    0.1]],,0.9595000000000005,Đi phải
10,10,[[-4.  11.   0.1]],[[  1.  -10.    0.1]],,0.9595000000000005,Đi chéo phải
11,1,[[ 4.  11.   0.1]],[[  0.  -10.    0.1]],,0.9550000000000005,Đi phải
11,2,[[ 4.  11.   0.1]],[[  0.  -10.    0.1]],,0.9550000000000005,Đi phải
11,3,[[ 4.  11.   0.1]],[[  0.  -10.    0.1]],,0.9550000000000005,Đi trái
11,4,[[ 4.  11.   0.1]],[[  0.  -10.    0.1]],,0.9550000000000005,Đi chéo phải
11,5,[[ 4.  11.   0.1]],[[  0.  -10.    0.1]],,0.9550000000000005,Đi chéo phải
11,6,[[ 4.  11.   0.1]],[[  0.  -10.    0.1]],,0.9550000000000005,Đi chéo phải
11,7,[[ 4.  11.   0.1]],[[  0.  -10.    0.1]],,0.9550000000000005,Đi chéo trái
11,8,[[ 4.  11.   0.1]],[[  0.  -10.    0.1]],,0.9550000000000005,Đi trái
11,9,[[ 4.  11.   0.1]],[[  0.  -10.    0.1]],,0.9550000000000005,Đi thẳng
11,10,[[ 4.  11.   0.1]],[[  0.  -10.    0.1]],,0.9550000000000005,Đi trái
11,11,[[ 4.  11.   0.1]],[[  0.  -10.    0.1]],,0.9550000000000005,Đi phải
11,12,[[ 4.  11.   0.1]],[[  0.  -10.    0.1]],,0.9550000000000005,Đi phải
